hubs,hub_score,authorities,auth_score
36880,0.0006883130187849505,6,0.0035149723292172666
99397,0.0005825987299507533,5,0.0034496292460121595
103774,0.0005195643354807083,133,0.003313876867107735
