hubs,hub_score,authorities,auth_score
24150,0.00041965596426856425,6,0.003580831253275288
51936,0.0004148814963289059,5,0.003539053586987405
81519,0.0004076320409348923,133,0.003384346801938008
